{
  "pred_labels": [
    -1,
    0,
    -1,
    0,
    0,
    0,
    0,
    0,
    0,
    0,
    -1,
    -1,
    1,
    1,
    1,
    1,
    1
  ],
  "best_params": {
    "min_cluster_size": 2,
    "min_samples": 1,
    "n_clusters": 2,
    "nmi": 0.5937921402153835,
    "ari": 0.5541958041958042,
    "purity": 0.7647058823529411,
    "noise_pct": 23.52941176470588
  },
  "per_identity": {
    "akshay kumar": {
      "total": 10,
      "noise": 2,
      "n_clusters": 1
    },
    "shahrukh khan": {
      "total": 7,
      "noise": 2,
      "n_clusters": 1
    }
  }
}